{
  "_id": "674b6c59a2ba361f541d984a",
  "code": "GALR01214",
  "name": "Gale Reef",
  "length": "5 days",
  "start": "2021-12-08T00:00:00.000Z",
  "resort": "Emerald Bay, 3 stars",
  "perPerson": "$799",
  "image": "reef1.jpg",
  "description": "Step into the aquatic hall of fame at Gale Reef.\nWe're talking crystal-clear waters so pure they'll make diamonds jealous.\n\nExplore some pimpin' vibrant coral palaces and kick it with some marine af VIPs.\n\nWhether you're new to the game of divin' or you so happen to be a seasoned pro, this reef is still pure underwater 1,000% swagger.",
  "__v": 0
}