{
  "hash": "082c157f",
  "configHash": "720796e3",
  "lockfileHash": "f9d85808",
  "browserHash": "7bc979f4",
  "optimized": {
    "@angular/core": {
      "src": "../../../../../../node_modules/@angular/core/fesm2022/core.mjs",
      "file": "@angular_core.js",
      "fileHash": "f1a27ed2",
      "needsInterop": false
    },
    "@angular/platform-browser": {
      "src": "../../../../../../node_modules/@angular/platform-browser/fesm2022/platform-browser.mjs",
      "file": "@angular_platform-browser.js",
      "fileHash": "a1399297",
      "needsInterop": false
    },
    "@angular/router": {
      "src": "../../../../../../node_modules/@angular/router/fesm2022/router.mjs",
      "file": "@angular_router.js",
      "fileHash": "576510bb",
      "needsInterop": false
    }
  },
  "chunks": {
    "chunk-X3CGT5UL": {
      "file": "chunk-X3CGT5UL.js"
    },
    "chunk-LUHT2WFK": {
      "file": "chunk-LUHT2WFK.js"
    }
  }
}