[
    {
        "id": 1,
        "name": "Trip to Paris",
        "description": "A wonderful trip to Paris",
        "price": 1200,
        "duration": "7 days",
        "date": "2023-12-01"
    },
    {
        "id": 2,
        "name": "Safari in Kenya",
        "description": "An adventurous safari in Kenya",
        "price": 1500,
        "duration": "10 days",
        "date": "2024-01-15"
    },
    {
        "id": 3,
        "name": "Beach Vacation in Hawaii",
        "description": "A relaxing beach vacation in Hawaii",
        "price": 1800,
        "duration": "14 days",
        "date": "2024-03-10"
    },
    {
        "id": 4,
        "name": "Ski Trip to the Alps",
        "description": "A thrilling ski trip to the Alps",
        "price": 2000,
        "duration": "7 days",
        "date": "2024-02-20"
    },
    {
        "id": 5,
        "name": "Cultural Tour of Japan",
        "description": "A cultural tour of Japan",
        "price": 2500,
        "duration": "12 days",
        "date": "2024-04-05"
    }
]